{"spaandroid":{"platform":"spaan","indexjl":"js","devicemessage":"This device is currently not supported","deviceexception":"Unknown Error Occurred <br/> Contact System Admin","importjsfiles":[],"defaultLocale":"en_GB","default_locale":"en_GB","locales":"[\"en_GB\",\"es_AR\",\"fr_FR\"]","noscriptmessage":"To use this site, first enable your browser's JavaScript support and then refresh this page.","version":"1.0.0","category":"spaandroid/","bgcolor":"#ffffff","enablexfsspa":false,"enablexfs":"false","isDebug":"false","csslist":[],"jslist":[]},"appconfig":{"buildoption":"debug","applocales":"en_GB,es_AR,fr_FR","spa":"spaandroid","appid":"I18n","devicedblookup":"false","smsecure":"","cacheId":"1561970419320","cacheUrl":"I18n/1561970419320"}}